<elements>
  <summary>
    <attribution license="cc4" from="Microsoft" modified="false" />
    <para>The <see cref="N:System.Security.Cryptography.Xml" /> namespace contains classes to support the creation and validation of XML digital signatures. The classes in this namespace implement the World Wide Web Consortium Recommendation, "XML-Signature Syntax and Processing", described at http://www.w3.org/TR/xmldsig-core/.</para>
  </summary>
  <remarks>To be added.</remarks>
  <class name="CipherData" fullname="System.Security.Cryptography.Xml.CipherData" assembly="System.Security">
    <summary>
      <attribution license="cc4" from="Microsoft" modified="false" />
      <para>Represents the &lt;CipherData&gt; element in XML encryption. This class cannot be inherited.</para>
    </summary>
    <remarks>
      <attribution license="cc4" from="Microsoft" modified="false" />
      <para>This constructor creates a <see cref="T:System.Security.Cryptography.Xml.CipherData" /> object that represents the &lt;CipherData&gt; element in XML encryption. The &lt;CipherData&gt; element is a required element in XML encryption.</para>
    </remarks>
  </class>
  <class name="CipherReference" fullname="System.Security.Cryptography.Xml.CipherReference" assembly="System.Security">
    <summary>
      <attribution license="cc4" from="Microsoft" modified="false" />
      <para>Represents the &lt;CipherReference&gt; element in XML encryption. This class cannot be inherited.</para>
    </summary>
    <remarks>
      <attribution license="cc4" from="Microsoft" modified="false" />
      <para>This constructor creates a <see cref="T:System.Security.Cryptography.Xml.CipherReference" /> object that provides reference information for a <see cref="T:System.Security.Cryptography.Xml.CipherData" /> object. </para>
    </remarks>
  </class>
  <class name="DataObject" fullname="System.Security.Cryptography.Xml.DataObject" assembly="System.Security">
    <summary>
      <attribution license="cc4" from="Microsoft" modified="false" />
      <para>Represents the object element of an XML signature that holds data to be signed.</para>
    </summary>
    <remarks>
      <attribution license="cc4" from="Microsoft" modified="false" />
      <para>The <see cref="T:System.Security.Cryptography.Xml.DataObject" /> class is used with XML signatures. After you have initialized the <see cref="T:System.Security.Cryptography.Xml.DataObject" />, you can assign the <see cref="P:System.Security.Cryptography.Xml.DataObject.Data" /> and <see cref="P:System.Security.Cryptography.Xml.DataObject.Id" /> properties.</para>
    </remarks>
  </class>
  <class name="DataReference" fullname="System.Security.Cryptography.Xml.DataReference" assembly="System.Security">
    <summary>
      <attribution license="cc4" from="Microsoft" modified="false" />
      <para>Represents the &lt;DataReference&gt; element used in XML encryption. This class cannot be inherited.</para>
    </summary>
    <remarks>
      <attribution license="cc4" from="Microsoft" modified="false" />
      <para>This constructor creates a new instance of the <see cref="T:System.Security.Cryptography.Xml.DataReference" /> class that represents the &lt;DataReference&gt; element. &lt;DataReference&gt; is a child element of the &lt;ReferenceList&gt; element.</para>
      <para>For more information about XML encryption standards, see http://www.w3.org/TR/xmlenc-core/.</para>
    </remarks>
  </class>
  <class name="DSAKeyValue" fullname="System.Security.Cryptography.Xml.DSAKeyValue" assembly="System.Security">
    <summary>
      <attribution license="cc4" from="Microsoft" modified="false" />
      <para>Represents the <see cref="T:System.Security.Cryptography.DSA" /> private key of the &lt;KeyInfo&gt; element.</para>
    </summary>
    <remarks>
      <attribution license="cc4" from="Microsoft" modified="false" />
      <para>When creating a new <see cref="T:System.Security.Cryptography.DSA" /> key, this constructor uses the default implementation of <see cref="T:System.Security.Cryptography.DSA" /> as defined by the <see cref="T:System.Security.Cryptography.CryptoConfig" /> class.</para>
    </remarks>
  </class>
  <class name="EncryptedData" fullname="System.Security.Cryptography.Xml.EncryptedData" assembly="System.Security">
    <summary>
      <attribution license="cc4" from="Microsoft" modified="false" />
      <para>Represents the &lt;EncryptedData&gt; element in XML encryption. This class cannot be inherited.</para>
    </summary>
    <remarks>
      <attribution license="cc4" from="Microsoft" modified="false" />
      <para>This constructor creates a new instance of the <see cref="T:System.Security.Cryptography.Xml.EncryptedData" /> class. For more information about XML encryption standards, see the "XML Encryption Syntax and Processing" document at http://www.w3.org/TR/xmlenc-core/.</para>
    </remarks>
  </class>
  <class name="EncryptedKey" fullname="System.Security.Cryptography.Xml.EncryptedKey" assembly="System.Security">
    <summary>
      <attribution license="cc4" from="Microsoft" modified="false" />
      <para>Represents the &lt;EncryptedKey&gt; element in XML encryption. This class cannot be inherited.</para>
    </summary>
    <remarks>
      <attribution license="cc4" from="Microsoft" modified="false" />
      <para>This constructor creates a new instance of the <see cref="T:System.Security.Cryptography.Xml.EncryptedKey" /> class. For more information on XML encryption standards, see the XML Encryption Syntax and Processing document at http://www.w3.org/TR/xmlenc-core/.</para>
    </remarks>
  </class>
  <class name="EncryptedReference" fullname="System.Security.Cryptography.Xml.EncryptedReference" assembly="System.Security">
    <summary>
      <attribution license="cc4" from="Microsoft" modified="false" />
      <para>Represents the abstract base class used in XML encryption from which the <see cref="T:System.Security.Cryptography.Xml.CipherReference" />, <see cref="T:System.Security.Cryptography.Xml.KeyReference" />, and <see cref="T:System.Security.Cryptography.Xml.DataReference" /> classes derive.</para>
    </summary>
    <remarks>
      <attribution license="cc4" from="Microsoft" modified="false" />
      <para>This constructor initializes a class that is an abstract base class used in XML encryption from which the <see cref="T:System.Security.Cryptography.Xml.CipherReference" />, <see cref="T:System.Security.Cryptography.Xml.KeyReference" />, and <see cref="T:System.Security.Cryptography.Xml.DataReference" /> classes derive. Unless you have a scenario where you need to create a custom reference section in XML, use one of the inherited classes.</para>
      <para>For more information about XML encryption standards, see http://www.w3.org/TR/xml-encryption-req.</para>
    </remarks>
  </class>
  <class name="EncryptedType" fullname="System.Security.Cryptography.Xml.EncryptedType" assembly="System.Security">
    <summary>
      <attribution license="cc4" from="Microsoft" modified="false" />
      <para>Represents the abstract base class from which the classes <see cref="T:System.Security.Cryptography.Xml.EncryptedData" /> and <see cref="T:System.Security.Cryptography.Xml.EncryptedKey" /> derive.</para>
    </summary>
    <remarks>
      <attribution license="cc4" from="Microsoft" modified="false" />
      <para>This constructor creates a new instance of the <see cref="T:System.Security.Cryptography.Xml.EncryptedType" /> class. This class represents the abstract base class from which the classes <see cref="T:System.Security.Cryptography.Xml.EncryptedData" /> and <see cref="T:System.Security.Cryptography.Xml.EncryptedKey" /> derive. To comply with XML encryption standards, you should use the two derived classes. For more information on XML encryption standards, see http://www.w3.org/TR/xmlenc-core/.</para>
    </remarks>
  </class>
  <class name="EncryptedXml" fullname="System.Security.Cryptography.Xml.EncryptedXml" assembly="System.Security">
    <summary>
      <attribution license="cc4" from="Microsoft" modified="false" />
      <para>Represents the process model for implementing XML encryption.</para>
    </summary>
    <remarks>
      <attribution license="cc4" from="Microsoft" modified="false" />
      <para>This is the default constructor for the main class for XML encryption in the .NET Framework.</para>
    </remarks>
  </class>
  <class name="EncryptionMethod" fullname="System.Security.Cryptography.Xml.EncryptionMethod" assembly="System.Security">
    <summary>
      <attribution license="cc4" from="Microsoft" modified="false" />
      <para>Encapsulates the encryption algorithm used for XML encryption. </para>
    </summary>
    <remarks>
      <attribution license="cc4" from="Microsoft" modified="false" />
      <para>This constructor initializes a new instance of the <see cref="T:System.Security.Cryptography.Xml.EncryptionMethod" /> class without specifying the Uniform Resource Identifier (URI) of an encryption algorithm.  </para>
    </remarks>
  </class>
  <class name="EncryptionProperty" fullname="System.Security.Cryptography.Xml.EncryptionProperty" assembly="System.Security">
    <summary>
      <attribution license="cc4" from="Microsoft" modified="false" />
      <para>Represents the &lt;EncryptionProperty&gt; element used in XML encryption. This class cannot be inherited.</para>
    </summary>
    <remarks>To be added.</remarks>
  </class>
  <class name="EncryptionPropertyCollection" fullname="System.Security.Cryptography.Xml.EncryptionPropertyCollection" assembly="System.Security">
    <summary>
      <attribution license="cc4" from="Microsoft" modified="false" />
      <para>Represents a collection of <see cref="T:System.Security.Cryptography.Xml.EncryptionProperty" /> classes used in XML encryption. This class cannot be inherited.</para>
    </summary>
    <remarks>To be added.</remarks>
  </class>
  <class name="IRelDecryptor" fullname="System.Security.Cryptography.Xml.IRelDecryptor" assembly="System.Security">
    <summary>
      <attribution license="cc4" from="Microsoft" modified="false" />
      <para>Defines methods that decrypt an XrML &lt;encryptedGrant&gt; element.</para>
    </summary>
    <remarks>
      <attribution license="cc4" from="Microsoft" modified="false" />
      <para>The <see cref="M:System.Security.Cryptography.Xml.IRelDecryptor.Decrypt(System.Security.Cryptography.Xml.EncryptionMethod,System.Security.Cryptography.Xml.KeyInfo,System.IO.Stream)" /> method decrypts an XrML &lt;encryptedGrant&gt; element and returns a plaintext stream.</para>
    </remarks>
  </class>
  <class name="KeyInfo" fullname="System.Security.Cryptography.Xml.KeyInfo" assembly="System.Security">
    <summary>
      <attribution license="cc4" from="Microsoft" modified="false" />
      <para>Represents an XML digital signature or XML encryption &lt;KeyInfo&gt; element.</para>
    </summary>
    <remarks>To be added</remarks>
  </class>
  <class name="KeyInfoClause" fullname="System.Security.Cryptography.Xml.KeyInfoClause" assembly="System.Security">
    <summary>
      <attribution license="cc4" from="Microsoft" modified="false" />
      <para>Represents the abstract base class from which all implementations of <see cref="T:System.Security.Cryptography.Xml.KeyInfo" /> subelements inherit.</para>
    </summary>
    <remarks>
      <attribution license="cc4" from="Microsoft" modified="false" />
      <para>You cannot create an instance of an abstract class. Application code creates a new instance of a derived class.</para>
    </remarks>
  </class>
  <class name="KeyInfoEncryptedKey" fullname="System.Security.Cryptography.Xml.KeyInfoEncryptedKey" assembly="System.Security">
    <summary>
      <attribution license="cc4" from="Microsoft" modified="false" />
      <para>Wraps the <see cref="T:System.Security.Cryptography.Xml.EncryptedKey" /> class, it to be placed as a subelement of the <see cref="T:System.Security.Cryptography.Xml.KeyInfo" /> class.</para>
    </summary>
    <remarks>
      <attribution license="cc4" from="Microsoft" modified="false" />
      <para>This constructor does not initialize the <see cref="T:System.Security.Cryptography.Xml.KeyInfoEncryptedKey" /> class using an instance of the <see cref="T:System.Security.Cryptography.Xml.EncryptedKey" /> class.  Use the <see cref="P:System.Security.Cryptography.Xml.KeyInfoEncryptedKey.EncryptedKey" /> property to specify an <see cref="T:System.Security.Cryptography.Xml.EncryptedKey" /> object when you use this constructor. </para>
    </remarks>
  </class>
  <class name="KeyInfoName" fullname="System.Security.Cryptography.Xml.KeyInfoName" assembly="System.Security">
    <summary>
      <attribution license="cc4" from="Microsoft" modified="false" />
      <para>Represents a &lt;KeyName&gt; subelement of an XMLDSIG or XML Encryption &lt;KeyInfo&gt; element.</para>
    </summary>
    <remarks>To be added</remarks>
  </class>
  <class name="KeyInfoNode" fullname="System.Security.Cryptography.Xml.KeyInfoNode" assembly="System.Security">
    <summary>
      <attribution license="cc4" from="Microsoft" modified="false" />
      <para>Handles <see cref="T:System.Security.Cryptography.Xml.KeyInfo" /> subelements that do not have specific implementations or handlers registered on the machine.</para>
    </summary>
    <remarks>To be added</remarks>
  </class>
  <class name="KeyInfoRetrievalMethod" fullname="System.Security.Cryptography.Xml.KeyInfoRetrievalMethod" assembly="System.Security">
    <summary>
      <attribution license="cc4" from="Microsoft" modified="false" />
      <para>References <see cref="T:System.Security.Cryptography.Xml.KeyInfo" /> objects stored at a different location when using XMLDSIG or XML encryption.</para>
    </summary>
    <remarks>To be added</remarks>
  </class>
  <class name="KeyInfoX509Data" fullname="System.Security.Cryptography.Xml.KeyInfoX509Data" assembly="System.Security">
    <summary>
      <attribution license="cc4" from="Microsoft" modified="false" />
      <para>Represents an &lt;X509Data&gt; subelement of an XMLDSIG or XML Encryption &lt;KeyInfo&gt; element.</para>
    </summary>
    <remarks>To be added</remarks>
  </class>
  <class name="KeyReference" fullname="System.Security.Cryptography.Xml.KeyReference" assembly="System.Security">
    <summary>
      <attribution license="cc4" from="Microsoft" modified="false" />
      <para>Represents the &lt;KeyReference&gt; element used in XML encryption. This class cannot be inherited.</para>
    </summary>
    <remarks>
      <attribution license="cc4" from="Microsoft" modified="false" />
      <para>This constructor creates a new instance of the <see cref="T:System.Security.Cryptography.Xml.KeyReference" /> class that represents the &lt;KeyReference&gt; element. The &lt;KeyReference&gt; element is a child element of the &lt;ReferenceList&gt; element.</para>
      <para>For more information about XML encryption standards, see the XML Encryption specification, which is available from the World Wide Web Consortium (W3C) at http://www.w3.org/TR/xmlenc-core/.</para>
    </remarks>
  </class>
  <class name="Reference" fullname="System.Security.Cryptography.Xml.Reference" assembly="System.Security">
    <summary>
      <attribution license="cc4" from="Microsoft" modified="false" />
      <para>Represents the &lt;reference&gt; element of an XML signature.</para>
    </summary>
    <remarks>To be added</remarks>
  </class>
  <class name="ReferenceList" fullname="System.Security.Cryptography.Xml.ReferenceList" assembly="System.Security">
    <summary>
      <attribution license="cc4" from="Microsoft" modified="false" />
      <para>Represents the &lt;ReferenceList&gt; element used in XML encryption. This class cannot be inherited.</para>
    </summary>
    <remarks>To be added.</remarks>
  </class>
  <class name="RSAKeyValue" fullname="System.Security.Cryptography.Xml.RSAKeyValue" assembly="System.Security">
    <summary>
      <attribution license="cc4" from="Microsoft" modified="false" />
      <para>Represents the &lt;RSAKeyValue&gt; element of an XML signature.</para>
    </summary>
    <remarks>
      <attribution license="cc4" from="Microsoft" modified="false" />
      <para>This constructor creates a new instance of the default implementation of <see cref="T:System.Security.Cryptography.RSA" /> to hold the public key.</para>
    </remarks>
  </class>
  <class name="Signature" fullname="System.Security.Cryptography.Xml.Signature" assembly="System.Security">
    <summary>
      <attribution license="cc4" from="Microsoft" modified="false" />
      <para>Represents the &lt;Signature&gt; element of an XML signature.</para>
    </summary>
    <remarks>To be added</remarks>
  </class>
  <class name="SignedInfo" fullname="System.Security.Cryptography.Xml.SignedInfo" assembly="System.Security">
    <summary>
      <attribution license="cc4" from="Microsoft" modified="false" />
      <para>Contains information about the canonicalization algorithm and signature algorithm used for the XML signature.</para>
    </summary>
    <remarks>To be added</remarks>
  </class>
  <class name="SignedXml" fullname="System.Security.Cryptography.Xml.SignedXml" assembly="System.Security">
    <summary>
      <attribution license="cc4" from="Microsoft" modified="false" />
      <para>Provides a wrapper on a core XML signature object to facilitate creating XML signatures.</para>
    </summary>
    <remarks>To be added</remarks>
  </class>
  <class name="Transform" fullname="System.Security.Cryptography.Xml.Transform" assembly="System.Security">
    <summary>
      <attribution license="cc4" from="Microsoft" modified="false" />
      <para>Represents the abstract base class from which all &lt;Transform&gt; elements that can be used in an XML digital signature derive.</para>
    </summary>
    <remarks>To be added</remarks>
  </class>
  <class name="TransformChain" fullname="System.Security.Cryptography.Xml.TransformChain" assembly="System.Security">
    <summary>
      <attribution license="cc4" from="Microsoft" modified="false" />
      <para>Defines an ordered list of <see cref="T:System.Security.Cryptography.Xml.Transform" /> objects that is applied to unsigned content prior to digest calculation.</para>
    </summary>
    <remarks>To be added</remarks>
  </class>
  <class name="X509IssuerSerial" fullname="System.Security.Cryptography.Xml.X509IssuerSerial" assembly="System.Security">
    <summary>
      <attribution license="cc4" from="Microsoft" modified="false" />
      <para>Represents the &lt;X509IssuerSerial&gt; element of an XML digital signature.</para>
    </summary>
    <remarks>
      <attribution license="cc4" from="Microsoft" modified="false" />
      <para>The <see cref="P:System.Security.Cryptography.Xml.X509IssuerSerial.IssuerName" /> property represents an X.509 certificate issuer's distinguished name specified in the &lt;X509IssuerSerial&gt; element.</para>
      <para>For more information about the &lt;X509IssuerSerial&gt; element, see the World Wide Web Consortium (W3C) specification at www.w3.org/TR/xmldsig-core/.  </para>
    </remarks>
  </class>
  <class name="XmlDecryptionTransform" fullname="System.Security.Cryptography.Xml.XmlDecryptionTransform" assembly="System.Security">
    <summary>
      <attribution license="cc4" from="Microsoft" modified="false" />
      <para>Specifies the order of XML Digital Signature and XML Encryption operations when both are performed on the same document.</para>
    </summary>
    <remarks>To be added.</remarks>
  </class>
  <class name="XmlDsigBase64Transform" fullname="System.Security.Cryptography.Xml.XmlDsigBase64Transform" assembly="System.Security">
    <summary>
      <attribution license="cc4" from="Microsoft" modified="false" />
      <para>Represents the Base64 decoding transform as defined in Section 6.6.2 of the XMLDSIG specification.</para>
    </summary>
    <remarks>To be added</remarks>
  </class>
  <class name="XmlDsigC14NTransform" fullname="System.Security.Cryptography.Xml.XmlDsigC14NTransform" assembly="System.Security">
    <summary>
      <attribution license="cc4" from="Microsoft" modified="false" />
      <para>Represents the C14N XML canonicalization transform for a digital signature as defined by the World Wide Web Consortium (W3C), without comments.</para>
    </summary>
    <remarks>To be added</remarks>
  </class>
  <class name="XmlDsigC14NWithCommentsTransform" fullname="System.Security.Cryptography.Xml.XmlDsigC14NWithCommentsTransform" assembly="System.Security">
    <summary>
      <attribution license="cc4" from="Microsoft" modified="false" />
      <para>Represents the C14N XML canonicalization transform for a digital signature as defined by the World Wide Web Consortium (W3C), with comments.</para>
    </summary>
    <remarks>To be added</remarks>
  </class>
  <class name="XmlDsigEnvelopedSignatureTransform" fullname="System.Security.Cryptography.Xml.XmlDsigEnvelopedSignatureTransform" assembly="System.Security">
    <summary>
      <attribution license="cc4" from="Microsoft" modified="false" />
      <para>Represents the enveloped signature transform for an XML digital signature as defined by the W3C.</para>
    </summary>
    <remarks>To be added</remarks>
  </class>
  <class name="XmlDsigExcC14NTransform" fullname="System.Security.Cryptography.Xml.XmlDsigExcC14NTransform" assembly="System.Security">
    <summary>
      <attribution license="cc4" from="Microsoft" modified="false" />
      <para>Represents the exclusive C14N XML canonicalization transform for a digital signature as defined by the World Wide Web Consortium (W3C), without comments.</para>
    </summary>
    <remarks>To be added.</remarks>
  </class>
  <class name="XmlDsigExcC14NWithCommentsTransform" fullname="System.Security.Cryptography.Xml.XmlDsigExcC14NWithCommentsTransform" assembly="System.Security">
    <summary>
      <attribution license="cc4" from="Microsoft" modified="false" />
      <para>Represents the exclusive C14N XML canonicalization transform for a digital signature as defined by the World Wide Web Consortium (W3C), with comments.</para>
    </summary>
    <remarks>To be added.</remarks>
  </class>
  <class name="XmlDsigXPathTransform" fullname="System.Security.Cryptography.Xml.XmlDsigXPathTransform" assembly="System.Security">
    <summary>
      <attribution license="cc4" from="Microsoft" modified="false" />
      <para>Represents the XPath transform for a digital signature as defined by the W3C.</para>
    </summary>
    <remarks>To be added</remarks>
  </class>
  <class name="XmlDsigXsltTransform" fullname="System.Security.Cryptography.Xml.XmlDsigXsltTransform" assembly="System.Security">
    <summary>
      <attribution license="cc4" from="Microsoft" modified="false" />
      <para>Represents the XSLT transform for a digital signature as defined by the W3C.</para>
    </summary>
    <remarks>To be added</remarks>
  </class>
  <class name="XmlLicenseTransform" fullname="System.Security.Cryptography.Xml.XmlLicenseTransform" assembly="System.Security">
    <summary>
      <attribution license="cc4" from="Microsoft" modified="false" />
      <para>Represents the license transform algorithm used to normalize XrML licenses for signatures.</para>
    </summary>
    <remarks>To be added.</remarks>
  </class>
</elements>