<elements>
  <summary>
    	The System.Xml namespace contains classes for reading, writing, and manipulating Xml documents.
    </summary>
  <remarks />
  <class name="XmlDataDocument" fullname="System.Xml.XmlDataDocument" assembly="System.Data">
    <summary>
      <attribution license="cc4" from="Microsoft" modified="false" />
      <para>Allows structured data to be stored, retrieved, and manipulated through a relational <see cref="T:System.Data.DataSet" />. </para>
    </summary>
    <remarks>
      <attribution license="cc4" from="Microsoft" modified="false" />
      <para>An empty <see cref="T:System.Data.DataSet" /> is created and associated with the XmlDataDocument.</para>
    </remarks>
  </class>
  <class name="ConformanceLevel" fullname="System.Xml.ConformanceLevel" assembly="System.Xml">
    <summary>
      <attribution license="cc4" from="Microsoft" modified="false" />
      <para>Specifies the amount of input or output checking that the created <see cref="T:System.Xml.XmlReader" /> and <see cref="T:System.Xml.XmlWriter" /> objects perform.</para>
    </summary>
    <remarks>
      <attribution license="cc4" from="Microsoft" modified="false" />
      <para>This level of checking ensures that the stream being read or written can be consumed by any processor as an XML 1.0 document (http://www.w3.org/TR/REC-xml#NT-document).</para>
      <para>In addition to the ConformanceLevel.Fragment checks, the ConformanceLevel.Document level of checks also ensures the following:</para>
      <list type="bullet">
        <item>
          <para>The top-level item must not have any nodes other than XML Declaration, DTD, element, comment, white space, or processing instruction.</para>
        </item>
        <item>
          <para>The XML data must have one, and only one, top-level element node.</para>
        </item>
      </list>
    </remarks>
  </class>
  <class name="DtdProcessing" fullname="System.Xml.DtdProcessing" assembly="System.Xml">
    <summary>
      <attribution license="cc4" from="Microsoft" modified="false" />
      <para>Specifies the options for processing DTDs. The <see cref="T:System.Xml.DtdProcessing" /> enumeration is used by <see cref="T:System.Xml.XmlReaderSettings" />.</para>
    </summary>
    <remarks>
      <attribution license="cc4" from="Microsoft" modified="false" />
      <block subset="none" type="note">
        <para>The DTD/DOCTYPE will be lost on output. </para>
      </block>
    </remarks>
  </class>
  <class name="EntityHandling" fullname="System.Xml.EntityHandling" assembly="System.Xml">
    <summary>
      <attribution license="cc4" from="Microsoft" modified="false" />
      <para>Specifies how the <see cref="T:System.Xml.XmlTextReader" /> or <see cref="T:System.Xml.XmlValidatingReader" /> handle entities.</para>
    </summary>
    <remarks>
      <attribution license="cc4" from="Microsoft" modified="false" />
      <para>You must call <see cref="M:System.Xml.XmlReader.ResolveEntity" /> to see what the general entities expand to. This enables you to optimize entity handling by only expanding the entity the first time it is used.</para>
      <para>When set to ExpandCharEntities, a reader call to the <see cref="M:System.Xml.XmlReader.GetAttribute(System.String)" /> method expands all entities (both general and character entities).</para>
    </remarks>
  </class>
  <class name="Formatting" fullname="System.Xml.Formatting" assembly="System.Xml">
    <summary>
      <attribution license="cc4" from="Microsoft" modified="false" />
      <para>Specifies formatting options for the <see cref="T:System.Xml.XmlTextWriter" />.</para>
    </summary>
    <remarks>
      <attribution license="cc4" from="Microsoft" modified="false" />
      <para>This option indents element content only; mixed content is not affected. For the XML 1.0 definitions of these terms, see the World Wide Web Consortium (W3C) documentation (www.w3.org/TR/1998/REC-xml-19980210#sec-element-content and www.w3.org/TR/1998/REC-xml-19980210#sec-mixed-content).</para>
    </remarks>
  </class>
  <class name="IHasXmlNode" fullname="System.Xml.IHasXmlNode" assembly="System.Xml">
    <summary>
      <attribution license="cc4" from="Microsoft" modified="false" />
      <para>Enables a class to return an <see cref="T:System.Xml.XmlNode" /> from the current context or position.</para>
    </summary>
    <remarks>
      <attribution license="cc4" from="Microsoft" modified="false" />
      <para>The following C# code uses GetNode to access a node the <see cref="T:System.Xml.XPath.XPathNavigator" /> is currently positioned on.</para>
      <code> XmlDocument doc = new XmlDocument();
 doc.Load("books.xml");
 XPathNavigator nav =  doc.CreateNavigator();
 XmlNode node = ((IHasXmlNode)nav).GetNode();
 Console.WriteLine(node.LocalName); 
 //You can edit the returned XmlNode.</code>
    </remarks>
  </class>
  <class name="IXmlLineInfo" fullname="System.Xml.IXmlLineInfo" assembly="System.Xml">
    <summary>
      <attribution license="cc4" from="Microsoft" modified="false" />
      <para>Provides an interface to enable a class to return line and position information.</para>
    </summary>
    <remarks>To be added</remarks>
  </class>
  <class name="IXmlNamespaceResolver" fullname="System.Xml.IXmlNamespaceResolver" assembly="System.Xml">
    <summary>
      <attribution license="cc4" from="Microsoft" modified="false" />
      <para>Provides read-only access to a set of prefix and namespace mappings.</para>
    </summary>
    <remarks>
      <attribution license="cc4" from="Microsoft" modified="false" />
      <para>The collection is keyed by prefix and can be used to enumerate the namespaces currently in scope. The collection is a disconnected copy of the current namespace list.</para>
      <para>The following table lists the <see cref="T:System.Xml.XmlNamespaceScope" /> values and how it affects the whether or not the default and built-in namespaces are returned by the <see cref="M:System.Xml.IXmlNamespaceResolver.GetNamespacesInScope(System.Xml.XmlNamespaceScope)" /> method.</para>
      <list type="table">
        <listheader>
          <item>
            <term>
              <para>XmlNamespaceScope value</para>
            </term>
            <description>
              <para>xmlns:xml</para>
            </description>
            <description>
              <para>xmlns:xmlns</para>
            </description>
            <description>
              <para>xmlns=""</para>
            </description>
          </item>
        </listheader>
        <item>
          <term>
            <para>
              <see cref="F:System.Xml.XmlNamespaceScope.All" />
            </para>
          </term>
          <description>
            <para>yes</para>
          </description>
          <description>
            <para>no</para>
          </description>
          <description>
            <para>no</para>
          </description>
        </item>
        <item>
          <term>
            <para>
              <see cref="F:System.Xml.XmlNamespaceScope.ExcludeXml" />
            </para>
          </term>
          <description>
            <para>no</para>
          </description>
          <description>
            <para>no</para>
          </description>
          <description>
            <para>no</para>
          </description>
        </item>
        <item>
          <term>
            <para>
              <see cref="F:System.Xml.XmlNamespaceScope.Local" />
            </para>
          </term>
          <description>
            <para>no</para>
          </description>
          <description>
            <para>no</para>
          </description>
          <description>
            <para>yes</para>
          </description>
        </item>
      </list>
    </remarks>
  </class>
  <class name="NamespaceHandling" fullname="System.Xml.NamespaceHandling" assembly="System.Xml">
    <summary>
      <attribution license="cc4" from="Microsoft" modified="false" />
      <para>Specifies whether to remove duplicate namespace declarations in the <see cref="T:System.Xml.XmlWriter" />. </para>
    </summary>
    <remarks />
  </class>
  <class name="NameTable" fullname="System.Xml.NameTable" assembly="System.Xml">
    <summary>
      <attribution license="cc4" from="Microsoft" modified="false" />
      <para>Implements a single-threaded <see cref="T:System.Xml.XmlNameTable" />.</para>
    </summary>
    <remarks>
      <attribution license="cc4" from="Microsoft" modified="false" />
      <para>Constructs an empty NameTable.</para>
    </remarks>
  </class>
  <class name="NewLineHandling" fullname="System.Xml.NewLineHandling" assembly="System.Xml">
    <summary>
      <attribution license="cc4" from="Microsoft" modified="false" />
      <para>Specifies how to handle line breaks.</para>
    </summary>
    <remarks />
  </class>
  <class name="ReadState" fullname="System.Xml.ReadState" assembly="System.Xml">
    <summary>
      <attribution license="cc4" from="Microsoft" modified="false" />
      <para>Specifies the state of the reader.</para>
    </summary>
    <remarks>To be added.</remarks>
  </class>
  <class name="ValidationType" fullname="System.Xml.ValidationType" assembly="System.Xml">
    <summary>
      <attribution license="cc4" from="Microsoft" modified="false" />
      <para>Specifies the type of validation to perform.</para>
    </summary>
    <remarks>
      <attribution license="cc4" from="Microsoft" modified="false" />
      <block subset="none" type="note">
        <para> This field is obsolete in the Microsoft .NET Framework version 2.0 and is applicable only to the <see cref="T:System.Xml.XmlValidatingReader" /> class.</para>
      </block>
    </remarks>
  </class>
  <class name="WhitespaceHandling" fullname="System.Xml.WhitespaceHandling" assembly="System.Xml">
    <summary>
      <attribution license="cc4" from="Microsoft" modified="false" />
      <para>Specifies how white space is handled.</para>
    </summary>
    <remarks>To be added.</remarks>
  </class>
  <class name="WriteState" fullname="System.Xml.WriteState" assembly="System.Xml">
    <summary>
      <attribution license="cc4" from="Microsoft" modified="false" />
      <para>Specifies the state of the <see cref="T:System.Xml.XmlWriter" />.</para>
    </summary>
    <remarks>To be added.</remarks>
  </class>
  <class name="XmlAttribute" fullname="System.Xml.XmlAttribute" assembly="System.Xml">
    <summary>
      <attribution license="cc4" from="Microsoft" modified="false" />
      <para>Represents an attribute. Valid and default values for the attribute are defined in a document type definition (DTD) or schema.</para>
    </summary>
    <remarks>
      <attribution license="cc4" from="Microsoft" modified="false" />
      <para>Do not instantiate an <see cref="T:System.Xml.XmlAttribute" /> directly; instead, use methods such as <see cref="Overload:System.Xml.XmlDocument.CreateAttribute" />.</para>
    </remarks>
  </class>
  <class name="XmlAttributeCollection" fullname="System.Xml.XmlAttributeCollection" assembly="System.Xml">
    <summary>
      <attribution license="cc4" from="Microsoft" modified="false" />
      <para>Represents a collection of attributes that can be accessed by name or index.</para>
    </summary>
    <remarks>
      <attribution license="cc4" from="Microsoft" modified="false" />
      <para>If an attribute with the same name is already present in the collection, the original attribute is removed from the collection and <paramref name="node" /> is added to the end of the collection.</para>
      <para>This method is a Microsoft extension to the Document Object Model (DOM).</para>
    </remarks>
  </class>
  <class name="XmlCDataSection" fullname="System.Xml.XmlCDataSection" assembly="System.Xml">
    <summary>
      <attribution license="cc4" from="Microsoft" modified="false" />
      <para>Represents a CDATA section.</para>
    </summary>
    <remarks>To be added.</remarks>
  </class>
  <class name="XmlCharacterData" fullname="System.Xml.XmlCharacterData" assembly="System.Xml">
    <summary>
      <attribution license="cc4" from="Microsoft" modified="false" />
      <para>Provides text manipulation methods that are used by several classes.</para>
    </summary>
    <remarks>To be added.</remarks>
  </class>
  <class name="XmlComment" fullname="System.Xml.XmlComment" assembly="System.Xml">
    <summary>
      <attribution license="cc4" from="Microsoft" modified="false" />
      <para>Represents the content of an XML comment.</para>
    </summary>
    <remarks>
      <attribution license="cc4" from="Microsoft" modified="false" />
      <para>Do not instantiate a <see cref="T:System.Xml.XmlComment" /> directly; instead, use methods such as <see cref="Overload:System.Xml.XmlDocument.CreateNode" />. </para>
    </remarks>
  </class>
  <class name="XmlConvert" fullname="System.Xml.XmlConvert" assembly="System.Xml">
    <summary>
      <attribution license="cc4" from="Microsoft" modified="false" />
      <para>Encodes and decodes XML names, and provides methods for converting between common language runtime types and XML Schema definition language (XSD) types. When converting data types, the values returned are locale-independent.</para>
    </summary>
    <remarks>To be added.</remarks>
  </class>
  <class name="XmlDateTimeSerializationMode" fullname="System.Xml.XmlDateTimeSerializationMode" assembly="System.Xml">
    <summary>
      <attribution license="cc4" from="Microsoft" modified="false" />
      <para>Specifies how to treat the time value when converting between string and <see cref="T:System.DateTime" />.</para>
    </summary>
    <remarks>
      <attribution license="cc4" from="Microsoft" modified="false" />
      <para>If a string is being converted to <see cref="T:System.DateTime" />, convert to a local time if a time zone is specified.</para>
    </remarks>
  </class>
  <class name="XmlDeclaration" fullname="System.Xml.XmlDeclaration" assembly="System.Xml">
    <summary>
      <attribution license="cc4" from="Microsoft" modified="false" />
      <para>Represents the XML declaration node &lt;?xml version='1.0'...?&gt;.</para>
    </summary>
    <remarks>
      <attribution license="cc4" from="Microsoft" modified="false" />
      <para>Do not instantiate an <see cref="T:System.Xml.XmlDeclaration" /> directly; instead, use methods such as <see cref="Overload:System.Xml.XmlDocument.CreateNode" />.</para>
    </remarks>
  </class>
  <class name="XmlDocument" fullname="System.Xml.XmlDocument" assembly="System.Xml">
    <summary>
      <attribution license="cc4" from="Microsoft" modified="false" />
      <para>Represents an XML document.</para>
    </summary>
    <remarks>
      <para>
	Creates a new document object. It is equivalent to <see cref="M:System.Xml.XmlDocument.ctor(System.Xml.XmlNameTable)" /> with a new <see cref="T:NameTable" /> object as its argument.
	</para>
    </remarks>
  </class>
  <class name="XmlDocumentFragment" fullname="System.Xml.XmlDocumentFragment" assembly="System.Xml">
    <summary>
      <attribution license="cc4" from="Microsoft" modified="false" />
      <para>Represents a lightweight object that is useful for tree insert operations.</para>
    </summary>
    <remarks>
      <attribution license="cc4" from="Microsoft" modified="false" />
      <para>Do not instantiate an <see cref="T:System.Xml.XmlDocumentFragment" /> directly; instead, use methods such as <see cref="M:System.Xml.XmlDocument.CreateDocumentFragment" />. </para>
    </remarks>
  </class>
  <class name="XmlDocumentType" fullname="System.Xml.XmlDocumentType" assembly="System.Xml">
    <summary>
      <attribution license="cc4" from="Microsoft" modified="false" />
      <para>Represents the document type declaration.</para>
    </summary>
    <remarks>
      <attribution license="cc4" from="Microsoft" modified="false" />
      <para>Do not instantiate an <see cref="T:System.Xml.XmlDocumentType" /> directly; instead, use members such as <see cref="P:System.Xml.XmlDocument.DocumentType" /> to obtain one.</para>
    </remarks>
  </class>
  <class name="XmlElement" fullname="System.Xml.XmlElement" assembly="System.Xml">
    <summary>
      <attribution license="cc4" from="Microsoft" modified="false" />
      <para>Represents an element.</para>
    </summary>
    <remarks>
      <attribution license="cc4" from="Microsoft" modified="false" />
      <para>Do not instantiate an <see cref="T:System.Xml.XmlElement" /> directly; instead, use methods such as <see cref="Overload:System.Xml.XmlDocument.CreateElement" />.</para>
    </remarks>
  </class>
  <class name="XmlEntity" fullname="System.Xml.XmlEntity" assembly="System.Xml">
    <summary>
      <attribution license="cc4" from="Microsoft" modified="false" />
      <para>Represents an entity declaration, such as &lt;!ENTITY... &gt;.</para>
    </summary>
    <remarks>
      <attribution license="cc4" from="Microsoft" modified="false" />
      <para>A networked XML document is comprised of chunks of data aggregated using various World Wide Web Consortium (W3C) standard inclusion mechanisms and therefore contains nodes that come from different places. The BaseURI tells you where these nodes came from.</para>
      <para>The value of this property varies depending on the node type. Nodes which are children of external EntityReference nodes return the location of the entity itself. For example, consider the following XML document: </para>
      <code> &lt;!DOCTYPE item [
 &lt;!ENTITY xyz SYSTEM "a/b.xml"&gt;
 ]&gt;
 &lt;item num='123'&gt;&amp;xyz;&lt;/item&gt;</code>
      <para>where the external entity a/b.xml contains the XML text &lt;test&gt;123&lt;/test&gt;.</para>
      <para>If the document is loaded from http://server/mydata.xml, BaseURI returns the following: </para>
      <list type="table">
        <listheader>
          <item>
            <term>
              <para>NodeType </para>
            </term>
            <description>
              <para>Name </para>
            </description>
            <description>
              <para>BaseURI </para>
            </description>
          </item>
        </listheader>
        <item>
          <term>
            <para>Attribute </para>
          </term>
          <description>
            <para>num </para>
          </description>
          <description>
            <para>http://server/mydata.xml </para>
          </description>
        </item>
        <item>
          <term>
            <para>Document </para>
          </term>
          <description>
            <para>#document </para>
          </description>
          <description>
            <para>http://server/mydata.xml </para>
          </description>
        </item>
        <item>
          <term>
            <para>DocumentType </para>
          </term>
          <description>
            <para>item </para>
          </description>
          <description>
            <para>http://server/mydata.xml </para>
          </description>
        </item>
        <item>
          <term>
            <para>Entity </para>
          </term>
          <description>
            <para>xyz </para>
          </description>
          <description>
            <para>http://server/mydata.xml </para>
          </description>
        </item>
        <item>
          <term>
            <para>Element </para>
          </term>
          <description>
            <para>item </para>
          </description>
          <description>
            <para>http://server/mydata.xml </para>
          </description>
        </item>
        <item>
          <term>
            <para>EntityReference </para>
          </term>
          <description>
            <para>xyz </para>
          </description>
          <description>
            <para>http://server/mydata.xml </para>
          </description>
        </item>
        <item>
          <term>
            <para>Element </para>
          </term>
          <description>
            <para>test </para>
          </description>
          <description>
            <para>http://server/a/b.xml </para>
          </description>
        </item>
        <item>
          <term>
            <para>Text </para>
          </term>
          <description>
            <para>#text </para>
          </description>
          <description>
            <para>http://server/a/b.xml </para>
          </description>
        </item>
      </list>
      <para>BaseURI looks for entity reference boundaries, so if entities are expanded, this information is not preserved and this property returns the location of the XmlDocument object in all cases.</para>
      <para>As a second example, given the following XML document: </para>
      <code> &lt;!DOCTYPE Mydata SYSTEM "http://localhost/doctype.dtd"&gt;
 &lt;baa&gt;&amp;xyz;&lt;/baa&gt;</code>
      <para>where the document type definition (DTD) file contains the following: </para>
      <code> &lt;!ENTITY xyz "&lt;E1&gt;My Data&lt;/E1&gt;"&gt;
 &lt;!ELEMENT baa #PCDATA&gt;
 &lt;!ATTLIST baa attr1 "woof"&gt;</code>
      <para>If the XML document is loaded from http://localhost/mydata.xml, BaseURI returns the following for each of the nodes: </para>
      <list type="table">
        <listheader>
          <item>
            <term>
              <para>NodeType </para>
            </term>
            <description>
              <para>Name </para>
            </description>
            <description>
              <para>BaseURI </para>
            </description>
          </item>
        </listheader>
        <item>
          <term>
            <para>Document </para>
          </term>
          <description>
            <para>#document </para>
          </description>
          <description>
            <para>http://localhost/mydata.xml </para>
          </description>
        </item>
        <item>
          <term>
            <para>DocumentType </para>
          </term>
          <description>
            <para>Mydata </para>
          </description>
          <description>
            <para>http://localhost/doctype.dtd </para>
          </description>
        </item>
        <item>
          <term>
            <para>Element </para>
          </term>
          <description>
            <para>baa </para>
          </description>
          <description>
            <para>http://localhost/mydata.xml </para>
          </description>
        </item>
        <item>
          <term>
            <para>Entity </para>
          </term>
          <description>
            <para>xyz </para>
          </description>
          <description>
            <para>http://localhost/doctype.dtd </para>
          </description>
        </item>
        <item>
          <term>
            <para>EntityReference </para>
          </term>
          <description>
            <para>xyz </para>
          </description>
          <description>
            <para>http://localhost/mydata.xml </para>
          </description>
        </item>
        <item>
          <term>
            <para>Attribute </para>
          </term>
          <description>
            <para>woof </para>
          </description>
          <description>
            <para>http://localhost/mydata.xml </para>
          </description>
        </item>
      </list>
      <block subset="none" type="note">
        <para>The base URI of a default attribute is the same as the base URI of the element to which they belong.</para>
      </block>
      <para>This property is a Microsoft extension to the Document Object Model (DOM).</para>
    </remarks>
  </class>
  <class name="XmlEntityReference" fullname="System.Xml.XmlEntityReference" assembly="System.Xml">
    <summary>
      <attribution license="cc4" from="Microsoft" modified="false" />
      <para>Represents an entity reference node.</para>
    </summary>
    <remarks>
      <attribution license="cc4" from="Microsoft" modified="false" />
      <para>Do not instantiate an <see cref="T:System.Xml.XmlEntityReference" /> directly; instead, use methods such as <see cref="M:System.Xml.XmlDocument.CreateEntityReference" />.</para>
    </remarks>
  </class>
  <class name="XmlException" fullname="System.Xml.XmlException" assembly="System.Xml">
    <summary>
      <attribution license="cc4" from="Microsoft" modified="false" />
      <para>Returns detailed information about the last exception.</para>
    </summary>
    <remarks>
      <para>This constructor initializes the <see cref="P:System.Xml.XmlException.Message" /> property of the new instance to a system-supplied message that describes the error, such as "An XML error has occurred."   This message takes into account the current system culture.</para>
      <para>The <see cref="!:System.Xml.XmlException.InnerException" /> property is initialized to <see langword="null" />. The <see cref="P:System.Xml.XmlException.LineNumber" /> and <see cref="P:System.Xml.XmlException.LinePosition" /> properties are initialized to zero.</para>
    </remarks>
  </class>
  <class name="XmlImplementation" fullname="System.Xml.XmlImplementation" assembly="System.Xml">
    <summary>
      <attribution license="cc4" from="Microsoft" modified="false" />
      <para>Defines the context for a set of <see cref="T:System.Xml.XmlDocument" /> objects.</para>
    </summary>
    <remarks>To be added</remarks>
  </class>
  <class name="XmlLinkedNode" fullname="System.Xml.XmlLinkedNode" assembly="System.Xml">
    <summary>
      <attribution license="cc4" from="Microsoft" modified="false" />
      <para>Gets the node immediately preceding or following this node.</para>
    </summary>
    <remarks>To be added.</remarks>
  </class>
  <class name="XmlNamedNodeMap" fullname="System.Xml.XmlNamedNodeMap" assembly="System.Xml">
    <summary>
      <attribution license="cc4" from="Microsoft" modified="false" />
      <para>Represents a collection of nodes that can be accessed by name or index.</para>
    </summary>
    <remarks>To be added</remarks>
  </class>
  <class name="XmlNamespaceManager" fullname="System.Xml.XmlNamespaceManager" assembly="System.Xml">
    <summary>
      <attribution license="cc4" from="Microsoft" modified="false" />
      <para>Resolves, adds, and removes namespaces to a collection and provides scope management for these namespaces. </para>
    </summary>
    <remarks>
      <attribution license="cc4" from="Microsoft" modified="false" />
      <para>The name table is used to look up prefixes and namespaces. An existing name table with pre-atomized strings can be specified in the constructor. There are several advantages in doing so. For example, if the name table of an <see cref="T:System.Xml.XmlReader" /> object is used, after each read, any namespace and prefix strings pushed into the name table can be re-used by <see cref="T:System.Xml.XmlNamespaceManager" />. </para>
      <para>For more information on atomized strings, see <see cref="T:System.Xml.XmlNameTable" />.</para>
      <block subset="none" type="note">
        <para>If you specify an existing name table, any namespaces in the name table are not automatically added to <see cref="T:System.Xml.XmlNamespaceManager" />. You must use <see cref="M:System.Xml.XmlNamespaceManager.AddNamespace(System.String,System.String)" /> and <see cref="M:System.Xml.XmlNamespaceManager.RemoveNamespace(System.String,System.String)" /> to add or remove namespaces.</para>
      </block>
    </remarks>
  </class>
  <class name="XmlNamespaceScope" fullname="System.Xml.XmlNamespaceScope" assembly="System.Xml">
    <summary>
      <attribution license="cc4" from="Microsoft" modified="false" />
      <para>Defines the namespace scope.</para>
    </summary>
    <remarks />
  </class>
  <class name="XmlNameTable" fullname="System.Xml.XmlNameTable" assembly="System.Xml">
    <summary>
      <attribution license="cc4" from="Microsoft" modified="false" />
      <para>Table of atomized string objects.</para>
    </summary>
    <remarks>To be added.</remarks>
  </class>
  <class name="XmlNode" fullname="System.Xml.XmlNode" assembly="System.Xml">
    <summary>
      <attribution license="cc4" from="Microsoft" modified="false" />
      <para>Represents a single node in the XML document. </para>
    </summary>
    <remarks>
      <attribution license="cc4" from="Microsoft" modified="false" />
      <para>If the <paramref name="newChild" /> is already in the tree, it is removed from its original position and added to its target position. For more information about inserting nodes, see <format type="text/html"><a href="891e54f5-54f6-4bb4-b624-9d1b6a1f1216">Inserting Nodes into an XML Document</a></format>.</para>
      <para>If the node being inserted was created from another document, you can use <see cref="M:System.Xml.XmlDocument.ImportNode(System.Xml.XmlNode,System.Boolean)" /> to import the node to the current document. The imported node can then be inserted into the current document.</para>
    </remarks>
  </class>
  <class name="XmlNodeChangedAction" fullname="System.Xml.XmlNodeChangedAction" assembly="System.Xml">
    <summary>
      <attribution license="cc4" from="Microsoft" modified="false" />
      <para>Specifies the type of node change.</para>
    </summary>
    <remarks>To be added</remarks>
  </class>
  <class name="XmlNodeChangedEventArgs" fullname="System.Xml.XmlNodeChangedEventArgs" assembly="System.Xml">
    <summary>
      <attribution license="cc4" from="Microsoft" modified="false" />
      <para>Provides data for the <see cref="E:System.Xml.XmlDocument.NodeChanged" />, <see cref="E:System.Xml.XmlDocument.NodeChanging" />, <see cref="E:System.Xml.XmlDocument.NodeInserted" />, <see cref="E:System.Xml.XmlDocument.NodeInserting" />, <see cref="E:System.Xml.XmlDocument.NodeRemoved" /> and <see cref="E:System.Xml.XmlDocument.NodeRemoving" /> events.</para>
    </summary>
    <remarks>To be added.</remarks>
  </class>
  <class name="XmlNodeChangedEventHandler" fullname="System.Xml.XmlNodeChangedEventHandler" assembly="System.Xml">
    <summary>
      <attribution license="cc4" from="Microsoft" modified="false" />
      <para>Represents the method that handles <see cref="E:System.Xml.XmlDocument.NodeChanged" />, <see cref="E:System.Xml.XmlDocument.NodeChanging" />, <see cref="E:System.Xml.XmlDocument.NodeInserted" />, <see cref="E:System.Xml.XmlDocument.NodeInserting" />, <see cref="E:System.Xml.XmlDocument.NodeRemoved" /> and <see cref="E:System.Xml.XmlDocument.NodeRemoving" /> events.</para>
    </summary>
    <remarks />
  </class>
  <class name="XmlNodeList" fullname="System.Xml.XmlNodeList" assembly="System.Xml">
    <summary>
      <attribution license="cc4" from="Microsoft" modified="false" />
      <para>Represents an ordered collection of nodes.</para>
    </summary>
    <remarks>To be added</remarks>
  </class>
  <class name="XmlNodeOrder" fullname="System.Xml.XmlNodeOrder" assembly="System.Xml">
    <summary>
      <attribution license="cc4" from="Microsoft" modified="false" />
      <para>Describes the document order of a node compared to a second node.</para>
    </summary>
    <remarks>To be added</remarks>
  </class>
  <class name="XmlNodeReader" fullname="System.Xml.XmlNodeReader" assembly="System.Xml">
    <summary>
      <attribution license="cc4" from="Microsoft" modified="false" />
      <para>Represents a reader that provides fast, non-cached forward only access to XML data in an <see cref="T:System.Xml.XmlNode" />.</para>
    </summary>
    <remarks>
      <attribution license="cc4" from="Microsoft" modified="false" />
      <block subset="none" type="note">
        <para>In the dnprdnext, the recommended practice is to create <see cref="T:System.Xml.XmlReader" /> instances using the <see cref="T:System.Xml.XmlReaderSettings" /> class and the <see cref="Overload:System.Xml.XmlReader.Create" /> method. This allows you to take full advantage of all the new features introduced in the dnprdnshort. For more information, see <format type="text/html"><a href="441e5aac-dfa9-41ed-9336-cd541b11c2d1">Creating XML Readers</a></format>.</para>
      </block>
      <para>For more information and examples of the code used to create an XmlNodeReader, see <see cref="T:System.Xml.XmlReader" /> and overloads of the <see cref="M:System.Xml.XmlReader.Create(System.IO.Stream)" /> method.</para>
    </remarks>
  </class>
  <class name="XmlNodeType" fullname="System.Xml.XmlNodeType" assembly="System.Xml">
    <summary>
      <attribution license="cc4" from="Microsoft" modified="false" />
      <para>Specifies the type of node.</para>
    </summary>
    <remarks>
      <attribution license="cc4" from="Microsoft" modified="false" />
      <para>An Attribute node can have the following child node types: Text and EntityReference. The Attribute node does not appear as the child node of any other node type. It is not considered a child node of an Element.</para>
    </remarks>
  </class>
  <class name="XmlNotation" fullname="System.Xml.XmlNotation" assembly="System.Xml">
    <summary>
      <attribution license="cc4" from="Microsoft" modified="false" />
      <para>Represents a notation declaration, such as &lt;!NOTATION... &gt;.</para>
    </summary>
    <remarks>To be added.</remarks>
  </class>
  <class name="XmlOutputMethod" fullname="System.Xml.XmlOutputMethod" assembly="System.Xml">
    <summary>
      <attribution license="cc4" from="Microsoft" modified="false" />
      <para>Specifies the method used to serialize the <see cref="T:System.Xml.XmlWriter" /> output. </para>
    </summary>
    <remarks />
  </class>
  <class name="XmlParserContext" fullname="System.Xml.XmlParserContext" assembly="System.Xml">
    <summary>
      <attribution license="cc4" from="Microsoft" modified="false" />
      <para>Provides all the context information required by the <see cref="T:System.Xml.XmlReader" /> to parse an XML fragment.</para>
    </summary>
    <remarks>
      <para>This method is equivalent to <see cref="T:System.Xml.XmlParserContext" />(<paramref name="nt" />, <paramref name="nsMgr" />,
<see langword="null" />, <see langword="null" />, <see langword="null" />, <see langword="null" />, 
<see cref="F:System.String.Empty" qualify="true" />, <paramref name="xmlLang" />, 
<paramref name="xmlSpace" />, <see langword="null" />) constructor.</para>
    </remarks>
  </class>
  <class name="XmlProcessingInstruction" fullname="System.Xml.XmlProcessingInstruction" assembly="System.Xml">
    <summary>
      <attribution license="cc4" from="Microsoft" modified="false" />
      <para>Represents a processing instruction, which XML defines to keep processor-specific information in the text of the document.</para>
    </summary>
    <remarks>
      <attribution license="cc4" from="Microsoft" modified="false" />
      <para>Do not instantiate an <see cref="T:System.Xml.XmlProcessingInstruction" /> directly; instead, use methods such as <see cref="M:System.Xml.XmlDocument.CreateProcessingInstruction" />.</para>
    </remarks>
  </class>
  <class name="XmlQualifiedName" fullname="System.Xml.XmlQualifiedName" assembly="System.Xml">
    <summary>
      <attribution license="cc4" from="Microsoft" modified="false" />
      <para>Represents an XML qualified name.</para>
    </summary>
    <remarks>
      <attribution license="cc4" from="Microsoft" modified="false" />
      <para>The object created has no name or namespace defined.</para>
    </remarks>
  </class>
  <class name="XmlReader" fullname="System.Xml.XmlReader" assembly="System.Xml">
    <summary>
      <attribution license="cc4" from="Microsoft" modified="false" />
      <para>Represents a reader that provides fast, noncached, forward-only access to XML data.</para>
    </summary>
    <remarks>
      <attribution license="cc4" from="Microsoft" modified="false" />
      <para>This constructor is called by derived class constructors to initialize state in this type.</para>
    </remarks>
  </class>
  <class name="XmlReaderSettings" fullname="System.Xml.XmlReaderSettings" assembly="System.Xml">
    <summary>
      <attribution license="cc4" from="Microsoft" modified="false" />
      <para>Specifies a set of features to support on the <see cref="T:System.Xml.XmlReader" /> object created by the <see cref="Overload:System.Xml.XmlReader.Create" /> method. </para>
    </summary>
    <remarks>
      <attribution license="cc4" from="Microsoft" modified="false" />
      <para>The following table shows initial property values for an instance of <see cref="T:System.Xml.XmlReaderSettings" />.</para>
      <list type="table">
        <listheader>
          <item>
            <term>
              <para>Property</para>
            </term>
            <description>
              <para>Initial value</para>
            </description>
          </item>
        </listheader>
        <item>
          <term>
            <para>
              <see cref="P:System.Xml.XmlReaderSettings.Async" />
            </para>
          </term>
          <description>
            <para>false.</para>
          </description>
        </item>
        <item>
          <term>
            <para>
              <see cref="P:System.Xml.XmlReaderSettings.CheckCharacters" />
            </para>
          </term>
          <description>
            <para>true.</para>
          </description>
        </item>
        <item>
          <term>
            <para>
              <see cref="P:System.Xml.XmlReaderSettings.ConformanceLevel" />
            </para>
          </term>
          <description>
            <para>
              <see cref="F:System.Xml.ConformanceLevel.Document" />.</para>
          </description>
        </item>
        <item>
          <term>
            <para>
              <see cref="P:System.Xml.XmlReaderSettings.IgnoreComments" />
            </para>
          </term>
          <description>
            <para>false.</para>
          </description>
        </item>
        <item>
          <term>
            <para>
              <see cref="P:System.Xml.XmlReaderSettings.IgnoreProcessingInstructions" />
            </para>
          </term>
          <description>
            <para>false.</para>
          </description>
        </item>
        <item>
          <term>
            <para>
              <see cref="P:System.Xml.XmlReaderSettings.IgnoreWhitespace" />
            </para>
          </term>
          <description>
            <para>false.</para>
          </description>
        </item>
        <item>
          <term>
            <para>
              <see cref="P:System.Xml.XmlReaderSettings.LineNumberOffset" />
            </para>
          </term>
          <description>
            <para>0.</para>
          </description>
        </item>
        <item>
          <term>
            <para>
              <see cref="P:System.Xml.XmlReaderSettings.LinePositionOffset" />
            </para>
          </term>
          <description>
            <para>0.</para>
          </description>
        </item>
        <item>
          <term>
            <para>
              <see cref="P:System.Xml.XmlReaderSettings.MaxCharactersFromEntities" />
            </para>
          </term>
          <description>
            <para>0 (There is no limit on the number of characters that result from expanding entities).</para>
          </description>
        </item>
        <item>
          <term>
            <para>
              <see cref="P:System.Xml.XmlReaderSettings.MaxCharactersInDocument" />
            </para>
          </term>
          <description>
            <para>0 (There is no limit on the size of the XML document).</para>
          </description>
        </item>
        <item>
          <term>
            <para>
              <see cref="P:System.Xml.XmlReaderSettings.NameTable" />
            </para>
          </term>
          <description>
            <para>null.</para>
          </description>
        </item>
        <item>
          <term>
            <para>
              <see cref="P:System.Xml.XmlTextReader.DtdProcessing" />
            </para>
          </term>
          <description>
            <para>
              <see cref="F:System.Xml.DtdProcessing.Prohibit" />
            </para>
          </description>
        </item>
        <item>
          <term>
            <para>
              <see cref="P:System.Xml.XmlReaderSettings.ProhibitDtd" />
            </para>
          </term>
          <description>
            <para>true. This property is obsolete. Use <see cref="P:System.Xml.XmlTextReader.DtdProcessing" /> instead. If you had set <see cref="P:System.Xml.XmlReaderSettings.ProhibitDtd" /> to its default value true set <see cref="P:System.Xml.XmlTextReader.DtdProcessing" /> to Prohibit. If you had set <see cref="P:System.Xml.XmlReaderSettings.ProhibitDtd" /> to false set <see cref="P:System.Xml.XmlTextReader.DtdProcessing" /> to Parse.</para>
          </description>
        </item>
        <item>
          <term>
            <para>
              <see cref="P:System.Xml.XmlReaderSettings.Schemas" />
            </para>
          </term>
          <description>
            <para>An empty <see cref="T:System.Xml.Schema.XmlSchemaSet" /> object.</para>
          </description>
        </item>
        <item>
          <term>
            <para>
              <see cref="P:System.Xml.XmlReaderSettings.ValidationFlags" />
            </para>
          </term>
          <description>
            <para>
              <see cref="F:System.Xml.Schema.XmlSchemaValidationFlags.ProcessIdentityConstraints" />.</para>
          </description>
        </item>
        <item>
          <term>
            <para>
              <see cref="P:System.Xml.XmlReaderSettings.ValidationType" />
            </para>
          </term>
          <description>
            <para>
              <see cref="F:System.Xml.ValidationType.None" />.</para>
          </description>
        </item>
        <item>
          <term>
            <para>
              <see cref="P:System.Xml.XmlReaderSettings.XmlResolver" />
            </para>
          </term>
          <description>
            <para>A new <see cref="T:System.Xml.XmlUrlResolver" /> object.</para>
          </description>
        </item>
      </list>
    </remarks>
  </class>
  <class name="XmlResolver" fullname="System.Xml.XmlResolver" assembly="System.Xml">
    <summary>
      <attribution license="cc4" from="Microsoft" modified="false" />
      <para>Resolves external XML resources named by a Uniform Resource Identifier (URI).</para>
    </summary>
    <remarks>
      <attribution license="cc4" from="Microsoft" modified="false" />
      <para>This constructor is called by derived class constructors to initialize state in this type.</para>
    </remarks>
  </class>
  <class name="XmlSecureResolver" fullname="System.Xml.XmlSecureResolver" assembly="System.Xml">
    <summary>
      <attribution license="cc4" from="Microsoft" modified="false" />
      <para>Helps to secure another implementation of <see cref="T:System.Xml.XmlResolver" /> by wrapping the <see cref="T:System.Xml.XmlResolver" /> object and restricting the resources that the underlying <see cref="T:System.Xml.XmlResolver" /> has access to.</para>
    </summary>
    <remarks>To be added.</remarks>
  </class>
  <class name="XmlSignificantWhitespace" fullname="System.Xml.XmlSignificantWhitespace" assembly="System.Xml">
    <summary>
      <attribution license="cc4" from="Microsoft" modified="false" />
      <para>Represents white space between markup in a mixed content node or white space within an xml:space= 'preserve' scope. This is also referred to as significant white space.</para>
    </summary>
    <remarks>
      <attribution license="cc4" from="Microsoft" modified="false" />
      <para>This constructor is called by derived class constructors to initialize state in this type.</para>
    </remarks>
  </class>
  <class name="XmlSpace" fullname="System.Xml.XmlSpace" assembly="System.Xml">
    <summary>
      <attribution license="cc4" from="Microsoft" modified="false" />
      <para>Specifies the current xml:space scope.</para>
    </summary>
    <remarks>To be added.</remarks>
  </class>
  <class name="XmlText" fullname="System.Xml.XmlText" assembly="System.Xml">
    <summary>
      <attribution license="cc4" from="Microsoft" modified="false" />
      <para>Represents the text content of an element or attribute.</para>
    </summary>
    <remarks>
      <attribution license="cc4" from="Microsoft" modified="false" />
      <para>Do not instantiate an <see cref="T:System.Xml.XmlText" /> directly; instead, use methods such as <see cref="M:System.Xml.XmlDocument.CreateTextNode" />.</para>
    </remarks>
  </class>
  <class name="XmlTextReader" fullname="System.Xml.XmlTextReader" assembly="System.Xml">
    <summary>
      <attribution license="cc4" from="Microsoft" modified="false" />
      <para>Represents a reader that provides fast, non-cached, forward-only access to XML data.</para>
    </summary>
    <remarks>To be added.</remarks>
  </class>
  <class name="XmlTextWriter" fullname="System.Xml.XmlTextWriter" assembly="System.Xml">
    <summary>
      <attribution license="cc4" from="Microsoft" modified="false" />
      <para>Represents a writer that provides a fast, non-cached, forward-only way of generating streams or files containing XML data that conforms to the W3C Extensible Markup Language (XML) 1.0 and the Namespaces in XML recommendations. </para>
    </summary>
    <remarks>
      <attribution license="cc4" from="Microsoft" modified="false" />
      <block subset="none" type="note">
        <para>In the dnprdnext release, the recommended practice is to create <see cref="T:System.Xml.XmlWriter" /> instances using the <see cref="Overload:System.Xml.XmlWriter.Create" /> method and the <see cref="T:System.Xml.XmlWriterSettings" /> class. This allows you to take full advantage of all the new features introduced in this release. For more information, see <format type="text/html"><a href="365a45ab-1a3a-4c89-9644-1e0cf2b4b5ce">Creating XML Writers</a></format>.</para>
      </block>
    </remarks>
  </class>
  <class name="XmlTokenizedType" fullname="System.Xml.XmlTokenizedType" assembly="System.Xml">
    <summary>
      <attribution license="cc4" from="Microsoft" modified="false" />
      <para>Represents the XML type for the string. This allows the string to be read as a particular XML type, for example a CDATA section type.</para>
    </summary>
    <remarks>To be added</remarks>
  </class>
  <class name="XmlUrlResolver" fullname="System.Xml.XmlUrlResolver" assembly="System.Xml">
    <summary>
      <attribution license="cc4" from="Microsoft" modified="false" />
      <para>Resolves external XML resources named by a Uniform Resource Identifier (URI).</para>
    </summary>
    <remarks>To be added.</remarks>
  </class>
  <class name="XmlValidatingReader" fullname="System.Xml.XmlValidatingReader" assembly="System.Xml">
    <summary>
      <attribution license="cc4" from="Microsoft" modified="false" />
      <para>Represents a reader that provides document type definition (DTD), XML-Data Reduced (XDR) schema, and XML Schema definition language (XSD) validation.</para>
    </summary>
    <remarks>
      <attribution license="cc4" from="Microsoft" modified="false" />
      <block subset="none" type="note">
        <para>The <see cref="T:System.Xml.XmlValidatingReader" /> class is obsolete in dnprdnext. You can create a validating <see cref="T:System.Xml.XmlReader" /> instance by using the <see cref="T:System.Xml.XmlReaderSettings" /> class and the <see cref="Overload:System.Xml.XmlReader.Create" /> method. For more information, see <format type="text/html"><a href="2958dbbd-60ca-4447-9b16-72f41d223486">Validating XML Data with XmlReader</a></format>.</para>
      </block>
      <para>All nodes returned from the given XmlReader are also returned from this validating reader, so there is no information loss in the process. New nodes not returned from the underlying reader may be added by this reader (for example, default attributes and the children of an entity reference). Any properties set on the given XmlTextReader also apply to this validating reader. For example, if the supplied reader had WhitespaceHandling.None set, this validating reader also ignores white space.</para>
      <para>When external document type definitions (DTDs) or schemas are needed for validation, the <see cref="P:System.Xml.XmlValidatingReader.XmlResolver" /> property sets the <see cref="T:System.Xml.XmlResolver" /> object to use for resolving external resources.</para>
    </remarks>
  </class>
  <class name="XmlWhitespace" fullname="System.Xml.XmlWhitespace" assembly="System.Xml">
    <summary>
      <attribution license="cc4" from="Microsoft" modified="false" />
      <para>Represents white space in element content.</para>
    </summary>
    <remarks>
      <attribution license="cc4" from="Microsoft" modified="false" />
      <para>This constructor is called by derived class constructors to initialize state in this type.</para>
    </remarks>
  </class>
  <class name="XmlWriter" fullname="System.Xml.XmlWriter" assembly="System.Xml">
    <summary>
      <attribution license="cc4" from="Microsoft" modified="false" />
      <para>Represents a writer that provides a fast, non-cached, forward-only way to generate streams or files that contain XML data.</para>
    </summary>
    <remarks>To be added.</remarks>
  </class>
  <class name="XmlWriterSettings" fullname="System.Xml.XmlWriterSettings" assembly="System.Xml">
    <summary>
      <attribution license="cc4" from="Microsoft" modified="false" />
      <para>Specifies a set of features to support on the <see cref="T:System.Xml.XmlWriter" /> object created by the <see cref="Overload:System.Xml.XmlWriter.Create" /> method.</para>
    </summary>
    <remarks>
      <attribution license="cc4" from="Microsoft" modified="false" />
      <para>The following table shows initial property values for an instance of <see cref="T:System.Xml.XmlWriterSettings" />.</para>
      <list type="table">
        <listheader>
          <item>
            <term>
              <para>Property</para>
            </term>
            <description>
              <para>Initial Value</para>
            </description>
          </item>
        </listheader>
        <item>
          <term>
            <para>
              <see cref="P:System.Xml.XmlWriterSettings.Async" />
            </para>
          </term>
          <description>
            <para>false.</para>
          </description>
        </item>
        <item>
          <term>
            <para>
              <see cref="P:System.Xml.XmlWriterSettings.CheckCharacters" />
            </para>
          </term>
          <description>
            <para>true.</para>
          </description>
        </item>
        <item>
          <term>
            <para>
              <see cref="P:System.Xml.XmlWriterSettings.CloseOutput" />
            </para>
          </term>
          <description>
            <para>false.</para>
          </description>
        </item>
        <item>
          <term>
            <para>
              <see cref="P:System.Xml.XmlWriterSettings.ConformanceLevel" />
            </para>
          </term>
          <description>
            <para>
              <see cref="F:System.Xml.ConformanceLevel.Document" />.</para>
          </description>
        </item>
        <item>
          <term>
            <para>
              <see cref="P:System.Xml.XmlWriterSettings.Encoding" />
            </para>
          </term>
          <description>
            <para>Encoding.UTF8.</para>
          </description>
        </item>
        <item>
          <term>
            <para>
              <see cref="P:System.Xml.XmlWriterSettings.Indent" />
            </para>
          </term>
          <description>
            <para>false.</para>
          </description>
        </item>
        <item>
          <term>
            <para>
              <see cref="P:System.Xml.XmlWriterSettings.IndentChars" />
            </para>
          </term>
          <description>
            <para>Two spaces.</para>
          </description>
        </item>
        <item>
          <term>
            <para>
              <see cref="P:System.Xml.XmlWriterSettings.NewLineChars" />
            </para>
          </term>
          <description>
            <para>\r\n (carriage return, new line).</para>
          </description>
        </item>
        <item>
          <term>
            <para>
              <see cref="P:System.Xml.XmlWriterSettings.NewLineHandling" />
            </para>
          </term>
          <description>
            <para>
              <see cref="F:System.Xml.NewLineHandling.Replace" />.</para>
          </description>
        </item>
        <item>
          <term>
            <para>
              <see cref="P:System.Xml.XmlWriterSettings.NewLineOnAttributes" />
            </para>
          </term>
          <description>
            <para>false.</para>
          </description>
        </item>
        <item>
          <term>
            <para>
              <see cref="P:System.Xml.XmlWriterSettings.OmitXmlDeclaration" />
            </para>
          </term>
          <description>
            <para>false.</para>
          </description>
        </item>
        <item>
          <term>
            <para>
              <see cref="P:System.Xml.XmlWriterSettings.WriteEndDocumentOnClose" />
            </para>
          </term>
          <description>
            <para>true.</para>
          </description>
        </item>
      </list>
    </remarks>
  </class>
</elements>